Mid-2002 to mid-2024 population estimates of the very old (including centenarians) UK (provisional) [note 1],,,,,,,,,,,,,,,,,,,,
This worksheet contains one table [note 2] [note 3].,,,,,,,,,,,,,,,,,,,,
This worksheet refers to notes. Note markers are presented in square brackets and note text is located under the table.,,,,,,,,,,,,,,,,,,,,
Sex,Year,"90 
and over 
[note 4]",90 to 99,"100 
and over",90,91,92,93,94,95,96,97,98,99,100,101,102,103,104,"105 
and over"
Persons,2002,"387,940","380,320","7,620","94,030","75,090","60,470","46,640","35,700","25,350","17,660","12,010","8,090","5,280","3,250","1,950","1,180",600,310,330
Persons,2003,"397,790","389,810","7,980","97,020","77,310","60,520","47,430","35,890","26,770","18,550","12,540","8,310","5,460","3,380","2,040","1,180",680,340,360
Persons,2004,"406,870","398,540","8,330","98,840","79,860","62,340","47,680","36,110","26,930","19,550","13,070","8,570","5,600","3,540","2,150","1,210",680,390,350
Persons,2005,"415,690","407,030","8,660","98,280","81,910","64,820","49,420","36,870","27,090","19,850","14,020","9,020","5,740","3,710","2,190","1,290",710,370,390
Persons,2006,"418,010","408,930","9,090","93,480","81,350","66,250","51,320","38,440","27,910","20,030","14,270","9,790","6,100","3,830","2,320","1,350",770,420,400
Persons,2007,"417,780","408,080","9,700","88,460","78,130","66,580","53,120","40,330","29,260","20,650","14,670","10,090","6,780","4,080","2,460","1,440",800,450,470
Persons,2008,"406,680","396,340","10,340","80,360","73,720","63,940","52,970","41,400","30,640","21,570","14,880","10,140","6,720","4,450","2,600","1,520",810,460,490
Persons,2009,"420,910","409,780","11,130","88,310","70,390","63,160","53,490","43,410","32,910","23,890","16,160","10,860","7,210","4,550","2,980","1,680",950,470,510
Persons,2010,"452,810","441,500","11,310","131,310","71,920","56,220","49,310","40,820","32,460","23,870","17,040","11,240","7,310","4,670","2,800","1,800",990,540,510
Persons,2011,"485,890","474,060","11,830","127,840","109,950","59,110","45,310","38,780","31,430","24,320","17,450","12,100","7,760","4,880","2,970","1,740","1,050",590,620
Persons,2012,"512,850","500,300","12,550","124,890","108,160","91,310","47,940","36,080","30,000","23,540","17,750","12,380","8,270","5,180","3,180","1,830","1,080",610,670
Persons,2013,"525,790","512,950","12,840","122,010","104,600","88,720","73,210","37,470","27,430","22,020","16,870","12,370","8,250","5,350","3,280","1,900","1,070",580,670
Persons,2014,"548,350","534,580","13,780","123,530","104,130","87,640","72,740","58,950","29,310","20,870","16,410","12,190","8,820","5,680","3,530","2,070","1,180",640,670
Persons,2015,"552,290","538,660","13,630","123,790","103,050","85,070","69,910","56,630","44,700","21,450","14,810","11,180","8,080","5,590","3,530","2,050","1,170",660,640
Persons,2016,"565,390","551,720","13,670","126,740","104,510","85,140","68,900","55,430","43,790","33,410","15,630","10,500","7,660","5,360","3,550","2,180","1,200",680,710
Persons,2017,"571,250","558,210","13,040","127,740","105,950","85,870","68,250","54,000","42,080","32,370","24,060","10,830","7,050","4,930","3,330","2,150","1,270",670,700
Persons,2018,"572,340","560,370","11,960","127,860","106,510","86,510","68,220","53,140","40,850","30,870","22,860","16,440","7,120","4,540","2,980","1,890","1,190",660,700
Persons,2019,"589,420","577,210","12,210","132,950","108,200","88,530","70,420","54,350","41,230","31,000","22,690","16,400","11,460","4,800","2,970","1,870","1,130",690,740
Persons,2020,"588,320","574,220","14,100","135,120","109,970","87,630","69,550","54,240","40,420","29,730","21,610","15,250","10,710","7,170","2,920","1,740","1,010",590,680
Persons,2021,"597,850","582,280","15,570","136,430","113,110","90,120","70,240","54,330","41,120","30,090","21,390","15,080","10,360","7,000","4,510","1,770","1,040",570,680
Persons,2022,"609,930","593,830","16,100","137,250","115,410","93,530","72,750","55,230","41,770","30,820","21,770","15,040","10,260","6,810","4,340","2,740","1,020",580,610
Persons,2023,"611,790","595,720","16,070","134,980","115,010","94,420","74,780","56,820","41,870","30,900","21,930","15,020","9,990","6,630","4,170","2,600","1,550",550,580
Persons,2024,"625,240","608,590","16,650","136,960","114,880","95,850","76,860","59,550","44,020","31,760","22,670","15,650","10,390","6,720","4,260","2,620","1,560",890,610
Men,2002,"89,330","88,510",820,"25,550","19,020","14,420","10,300","7,360","4,900","3,130","1,990","1,150",680,370,230,120,40,20,30
Men,2003,"93,300","92,460",830,"26,570","20,140","14,730","10,750","7,520","5,250","3,360","2,100","1,330",730,390,200,130,70,20,30
Men,2004,"97,570","96,660",910,"27,480","21,020","15,670","11,180","7,810","5,350","3,670","2,270","1,370",840,450,220,110,70,40,30
Men,2005,"101,590","100,540","1,050","27,930","21,920","16,370","11,850","8,330","5,590","3,760","2,480","1,470",850,540,260,130,60,40,30
Men,2006,"103,290","102,130","1,160","26,920","22,140","16,890","12,390","8,810","5,960","3,950","2,490","1,640",940,550,320,150,70,40,30
Men,2007,"104,520","103,230","1,300","25,910","21,710","17,410","12,890","9,350","6,330","4,240","2,710","1,620","1,060",610,350,170,90,40,40
Men,2008,"102,690","101,350","1,340","23,710","20,710","17,080","13,330","9,740","6,760","4,420","2,880","1,740",990,610,360,190,90,50,40
Men,2009,"110,090","108,620","1,470","27,120","20,410","17,430","13,920","10,700","7,550","5,090","3,120","2,040","1,210",640,400,230,110,50,50
Men,2010,"120,410","118,860","1,540","40,400","21,000","15,400","12,880","9,980","7,450","5,110","3,380","1,970","1,290",720,370,220,130,60,40
Men,2011,"130,130","128,500","1,630","39,610","32,140","16,320","11,660","9,440","7,200","5,180","3,460","2,220","1,280",780,390,210,120,70,60
Men,2012,"140,940","139,160","1,780","39,510","32,620","25,810","12,840","8,950","7,000","5,140","3,600","2,280","1,420",800,490,220,130,70,70
Men,2013,"147,560","145,680","1,880","39,320","32,170","25,850","20,000","9,690","6,510","4,860","3,510","2,350","1,430",860,470,290,130,70,70
Men,2014,"156,720","154,680","2,050","40,840","32,570","26,040","20,400","15,460","7,230","4,710","3,440","2,410","1,570",930,540,280,160,70,70
Men,2015,"161,770","159,670","2,100","42,110","33,110","25,800","20,150","15,240","11,340","5,050","3,200","2,210","1,480",940,540,310,160,90,70
Men,2016,"169,090","167,000","2,090","43,970","34,550","26,470","20,200","15,370","11,310","8,070","3,490","2,130","1,460",920,560,300,160,80,70
Men,2017,"174,610","172,590","2,020","45,190","35,700","27,530","20,550","15,220","11,130","8,020","5,580","2,350","1,330",870,520,320,170,70,70
Men,2018,"178,260","176,380","1,880","45,630","36,650","28,250","21,140","15,460","11,120","7,770","5,330","3,620","1,420",790,490,280,170,90,60
Men,2019,"186,470","184,460","2,010","47,780","37,580","29,630","22,220","16,260","11,460","8,090","5,410","3,620","2,410",910,480,310,160,80,80
Men,2020,"187,860","185,460","2,400","48,720","38,330","29,370","22,390","16,330","11,480","7,860","5,320","3,410","2,260","1,400",490,240,140,80,60
Men,2021,"193,260","190,550","2,710","50,370","39,470","30,340","22,710","16,750","11,790","8,050","5,350","3,510","2,200","1,360",810,270,130,70,70
Men,2022,"200,190","197,370","2,820","51,190","41,510","31,630","23,670","17,220","12,380","8,460","5,560","3,540","2,230","1,340",790,440,140,60,50
Men,2023,"203,520","200,640","2,880","50,700","41,730","32,920","24,510","17,860","12,550","8,750","5,730","3,670","2,220","1,350",770,430,220,70,40
Men,2024,"210,520","207,450","3,070","51,900","42,150","33,810","25,960","18,890","13,230","9,070","6,120","3,890","2,430","1,420",810,440,230,120,60
Women,2002,"298,610","291,810","6,800","68,480","56,060","46,050","36,340","28,350","20,450","14,530","10,020","6,940","4,600","2,880","1,720","1,060",560,290,300
Women,2003,"304,500","297,350","7,150","70,450","57,180","45,790","36,690","28,370","21,520","15,190","10,440","6,980","4,740","2,990","1,840","1,050",620,320,330
Women,2004,"309,300","301,880","7,410","71,370","58,840","46,670","36,500","28,300","21,580","15,870","10,790","7,200","4,750","3,090","1,930","1,110",610,360,330
Women,2005,"314,100","306,490","7,610","70,350","59,990","48,460","37,580","28,540","21,490","16,100","11,550","7,550","4,890","3,170","1,930","1,170",650,330,360
Women,2006,"314,720","306,790","7,930","66,560","59,210","49,350","38,920","29,630","21,950","16,080","11,790","8,150","5,150","3,270","2,000","1,210",700,380,360
Women,2007,"313,260","304,850","8,410","62,550","56,420","49,170","40,230","30,980","22,930","16,410","11,970","8,470","5,720","3,470","2,120","1,270",710,400,430
Women,2008,"303,990","295,000","9,000","56,660","53,010","46,860","39,640","31,670","23,880","17,150","12,000","8,390","5,730","3,840","2,240","1,330",720,410,460
Women,2009,"310,820","301,160","9,660","61,190","49,980","45,730","39,570","32,700","25,360","18,800","13,040","8,820","5,990","3,900","2,580","1,450",840,420,460
Women,2010,"332,400","322,630","9,770","90,910","50,910","40,820","36,420","30,840","25,010","18,760","13,660","9,270","6,030","3,950","2,430","1,580",860,490,470
Women,2011,"355,760","345,560","10,210","88,240","77,810","42,790","33,650","29,340","24,230","19,140","13,990","9,890","6,480","4,100","2,580","1,530",930,510,560
Women,2012,"371,910","361,140","10,780","85,380","75,540","65,500","35,110","27,120","23,000","18,400","14,150","10,100","6,850","4,380","2,690","1,610",960,540,600
Women,2013,"378,230","367,270","10,960","82,690","72,440","62,870","53,210","27,780","20,920","17,160","13,360","10,020","6,820","4,490","2,810","1,620",940,510,600
Women,2014,"391,630","379,900","11,730","82,690","71,560","61,600","52,330","43,480","22,080","16,160","12,970","9,780","7,260","4,750","3,000","1,800","1,020",580,600
Women,2015,"390,520","378,990","11,540","81,680","69,940","59,280","49,760","41,390","33,360","16,410","11,610","8,970","6,610","4,650","2,990","1,740","1,020",570,580
Women,2016,"396,300","384,720","11,570","82,780","69,970","58,680","48,700","40,060","32,480","25,340","12,150","8,370","6,210","4,440","2,990","1,870","1,040",600,630
Women,2017,"396,640","385,630","11,020","82,550","70,250","58,340","47,710","38,790","30,950","24,350","18,480","8,490","5,720","4,060","2,810","1,830","1,090",600,640
Women,2018,"394,080","383,990","10,090","82,240","69,860","58,260","47,080","37,680","29,730","23,100","17,530","12,830","5,700","3,750","2,480","1,610","1,030",570,640
Women,2019,"402,950","392,750","10,200","85,170","70,620","58,900","48,200","38,090","29,770","22,910","17,280","12,780","9,040","3,890","2,500","1,560",970,610,670
Women,2020,"400,460","388,770","11,700","86,400","71,640","58,260","47,160","37,910","28,950","21,870","16,290","11,840","8,450","5,780","2,430","1,500",870,510,620
Women,2021,"404,590","391,730","12,870","86,070","73,640","59,780","47,530","37,580","29,330","22,040","16,030","11,580","8,160","5,640","3,700","1,500",920,500,620
Women,2022,"409,740","396,460","13,280","86,070","73,910","61,900","49,080","38,020","29,390","22,370","16,210","11,500","8,030","5,470","3,560","2,300",880,520,560
Women,2023,"408,270","395,080","13,190","84,280","73,280","61,490","50,280","38,960","29,320","22,150","16,200","11,350","7,770","5,270","3,400","2,170",1330,480,540
Women,2024,"414,720","401,140","13,570","85,060","72,730","62,040","50,900","40,660","30,790","22,690","16,550","11,760","7,960","5,300","3,440","2,180","1,330",770,550
,,,,,,,,,,,,,,,,,,,,
Notes:,,,,,,,,,,,,,,,,,,,,
1 The method used to produce the estimates updates the back years so figures for previous years are revised each time estimates are produced for the latest year. This is why the figures are labelled as provisional.,,,,,,,,,,,,,,,,,,,,
"2 Please note these figures are estimates. Although they are rounded to the nearest 10 people, they cannot be guaranteed to be precise even to that level of detail. ",,,,,,,,,,,,,,,,,,,,
3 Figures may not add due to rounding.,,,,,,,,,,,,,,,,,,,,
"4 The 90 years and over totals are also rounded to the nearest 10 in the table for consistency. However, please note that unrounded 90 years and over totals are published in the Mid-Year Estimates.",,,,,,,,,,,,,,,,,,,,
,,,,,,,,,,,,,,,,,,,,
"Source: Office for National Statistics, National Records of Scotland, Northern Ireland Statistics and Research Agency",,,,,,,,,,,,,,,,,,,,
Released 21-Oct-2025,,,,,,,,,,,,,,,,,,,,
